Model,Train_RMSE,Train_MAE,Train_R2,Test_RMSE,Test_MAE,Test_R2
Linear Regression,2.1867432463664267,1.454514427303314,0.704442275220705,2.1000896565620817,1.454228822365823,0.7386654654826903
Ridge Regression,2.1867447569549014,1.4546626207042477,0.704441866881731,2.1003145256213474,1.4545564323403068,0.7386094972082295
Random Forest,0.7455886797616305,0.4923320011841327,0.9656406184703306,1.8880919102773697,1.29174609929078,0.7887642625645168
XGBoost,1.4946912256535771,0.988517203232182,0.8619139848595914,1.8287767524527425,1.2426026232924585,0.8018278975735497
ANN,1.945075799288149,1.3474213470404777,0.7661594694946289,2.0113632523024205,1.4675620626895984,0.7602811669755045
